{"cameraMode":{"drawMode":0,"name":"Shaded","section":"Shading Mode"},"sceneLighting":true,"audioPlay":false,"sceneViewState":{"showFog":true,"showMaterialUpdate":false,"showSkybox":true,"showFlares":true,"showImageEffects":true,"showParticleSystems":true},"in2DMode":false,"pivot":{"x":19.028005599975587,"y":4.680744171142578,"z":-1.6832456588745118},"rotation":{"x":0.42548662424087527,"y":-0.001357453060336411,"z":0.0006381443236023188,"w":0.9049637913703919},"size":25.221372604370118,"orthographic":false}